{
  "config": {
    "data_profile": "non_iid_mild",
    "data_dir": "data/raw",
    "data_files": [],
    "window_size": 50,
    "hop_size": 10,
    "normalize_windows": true,
    "val_split": 0.2,
    "test_split": 0.1,
    "task": "rul",
    "num_classes": 2,
    "num_layers": 4,
    "hidden_dim": 64,
    "kernel_size": 3,
    "dropout": 0.2,
    "fc_hidden": 32,
    "epochs": 45,
    "batch_size": 32,
    "lr": 0.001,
    "weight_decay": 0.0001,
    "optimizer": "adam",
    "lr_scheduler": "none",
    "lr_step_size": 10,
    "lr_gamma": 0.5,
    "early_stopping_patience": 10,
    "early_stopping_min_delta": 0.0001,
    "seed": 42,
    "deterministic": true,
    "output_dir": "experiments/outputs/centralized_mild",
    "checkpoint_every": 0,
    "log_every": 1,
    "save_best": true,
    "device": "cpu"
  },
  "training_history": {
    "epoch": [
      1,
      2,
      3,
      4,
      5,
      6,
      7,
      8,
      9,
      10,
      11,
      12,
      13,
      14,
      15,
      16,
      17,
      18,
      19,
      20
    ],
    "train_loss": [
      1894.1240540221497,
      989.9088303786058,
      599.0540061866844,
      564.2491909152859,
      545.0382632748111,
      525.9154802594866,
      526.9684214833019,
      521.3938394064431,
      493.02647678249485,
      499.56847996973727,
      499.9666939871652,
      489.85876129485746,
      475.6709256014981,
      480.7291764144059,
      488.12518290425396,
      470.50374111972013,
      478.2538277762277,
      491.4922819368132,
      493.8819550566621,
      464.65503278459823
    ],
    "val_loss": [
      1408.018059833233,
      692.1797814002404,
      558.6305171086238,
      547.7177546574519,
      538.0059560922476,
      525.9927509014423,
      519.0802771935096,
      509.33124389648435,
      491.66763493464543,
      488.3375530536358,
      491.0917743389423,
      493.7280433067909,
      491.97726487379805,
      490.15243060772235,
      493.9543893667368,
      497.2417677659255,
      492.6853233924279,
      490.01876878004805,
      491.02245248647836,
      537.8082078200121
    ],
    "train_metrics": [
      {
        "mae": 37.37051010131836,
        "rmse": 43.521533766254,
        "score": 67251.421875
      },
      {
        "mae": 25.42888832092285,
        "rmse": 31.462816362756886,
        "score": 21060.4453125
      },
      {
        "mae": 20.164710998535156,
        "rmse": 24.4755812423002,
        "score": 10424.4228515625
      },
      {
        "mae": 19.736709594726562,
        "rmse": 23.753930338850637,
        "score": 10863.97265625
      },
      {
        "mae": 19.269298553466797,
        "rmse": 23.346054678317035,
        "score": 10054.216796875
      },
      {
        "mae": 19.124536514282227,
        "rmse": 22.932846886258883,
        "score": 9143.3818359375
      },
      {
        "mae": 19.10653305053711,
        "rmse": 22.955791944279824,
        "score": 8952.94921875
      },
      {
        "mae": 18.899065017700195,
        "rmse": 22.834050448032237,
        "score": 8916.763671875
      },
      {
        "mae": 18.515689849853516,
        "rmse": 22.20419843684199,
        "score": 8236.6396484375
      },
      {
        "mae": 18.635038375854492,
        "rmse": 22.351029326697475,
        "score": 8696.81640625
      },
      {
        "mae": 18.674104690551758,
        "rmse": 22.359934588560126,
        "score": 8636.9599609375
      },
      {
        "mae": 18.558629989624023,
        "rmse": 22.132753899278228,
        "score": 8316.6767578125
      },
      {
        "mae": 18.114864349365234,
        "rmse": 21.809880052854986,
        "score": 7578.72119140625
      },
      {
        "mae": 18.447620391845703,
        "rmse": 21.925535933622296,
        "score": 8127.5439453125
      },
      {
        "mae": 18.524717330932617,
        "rmse": 22.09355454850782,
        "score": 8246.2705078125
      },
      {
        "mae": 17.90583610534668,
        "rmse": 21.69109848906019,
        "score": 7666.91796875
      },
      {
        "mae": 18.46851348876953,
        "rmse": 21.869014945746084,
        "score": 8280.923828125
      },
      {
        "mae": 18.28559684753418,
        "rmse": 22.1696258328893,
        "score": 8694.10546875
      },
      {
        "mae": 18.3990478515625,
        "rmse": 22.223454445477966,
        "score": 8296.60546875
      },
      {
        "mae": 17.76382064819336,
        "rmse": 21.555859059996962,
        "score": 8257.138671875
      }
    ],
    "val_metrics": [
      {
        "mae": 31.39065170288086,
        "rmse": 37.52356681348736,
        "score": 9322.248046875
      },
      {
        "mae": 21.837867736816406,
        "rmse": 26.309309161115504,
        "score": 2785.502685546875
      },
      {
        "mae": 20.124319076538086,
        "rmse": 23.635366597521156,
        "score": 2742.5107421875
      },
      {
        "mae": 19.998523712158203,
        "rmse": 23.4033709844864,
        "score": 2534.285400390625
      },
      {
        "mae": 19.851682662963867,
        "rmse": 23.194954632638456,
        "score": 2448.79931640625
      },
      {
        "mae": 19.620548248291016,
        "rmse": 22.93453286752452,
        "score": 2485.326416015625
      },
      {
        "mae": 19.529617309570312,
        "rmse": 22.78333297018829,
        "score": 2270.107177734375
      },
      {
        "mae": 19.351097106933594,
        "rmse": 22.56836807996911,
        "score": 2113.4580078125
      },
      {
        "mae": 19.02382469177246,
        "rmse": 22.173579617568308,
        "score": 2156.573486328125
      },
      {
        "mae": 18.889869689941406,
        "rmse": 22.09836022002679,
        "score": 2050.3291015625
      },
      {
        "mae": 18.93031120300293,
        "rmse": 22.160590388286632,
        "score": 2025.405029296875
      },
      {
        "mae": 18.943443298339844,
        "rmse": 22.21999230110866,
        "score": 1969.8988037109375
      },
      {
        "mae": 18.93194007873535,
        "rmse": 22.180561882861603,
        "score": 1959.8662109375
      },
      {
        "mae": 18.91950225830078,
        "rmse": 22.13938651595239,
        "score": 2216.32666015625
      },
      {
        "mae": 18.976118087768555,
        "rmse": 22.225084391756607,
        "score": 2343.1279296875
      },
      {
        "mae": 19.02750015258789,
        "rmse": 22.298919733679085,
        "score": 2543.20947265625
      },
      {
        "mae": 18.88128662109375,
        "rmse": 22.19651624133736,
        "score": 2037.0574951171875
      },
      {
        "mae": 18.9134464263916,
        "rmse": 22.136367550041875,
        "score": 2047.884033203125
      },
      {
        "mae": 18.910240173339844,
        "rmse": 22.159026624324003,
        "score": 2019.858642578125
      },
      {
        "mae": 19.60356903076172,
        "rmse": 23.19069137615147,
        "score": 2042.12353515625
      }
    ],
    "lr": [
      0.001,
      0.001,
      0.001,
      0.001,
      0.001,
      0.001,
      0.001,
      0.001,
      0.001,
      0.001,
      0.001,
      0.001,
      0.001,
      0.001,
      0.001,
      0.001,
      0.001,
      0.001,
      0.001,
      0.001
    ],
    "time_per_epoch": [
      3.295201539993286,
      3.393423318862915,
      3.409355401992798,
      3.337132215499878,
      2.948214530944824,
      3.1393163204193115,
      3.0906736850738525,
      3.554849863052368,
      3.1933839321136475,
      3.207482099533081,
      3.7394211292266846,
      3.3057467937469482,
      3.152808427810669,
      3.262437343597412,
      3.425899028778076,
      3.2816758155822754,
      3.3636858463287354,
      3.2207276821136475,
      3.0903608798980713,
      3.1435797214508057
    ]
  },
  "test_loss": 506.46861971341644,
  "test_metrics": {
    "mae": 19.263416290283203,
    "rmse": 22.50485787401661,
    "score": 1005.1275024414062
  },
  "best_val_loss": 488.3375530536358,