{
  "per_client": [
    {
      "client_id": 0,
      "num_samples": 340,
      "training": {
        "client_id": 0,
        "num_train_samples": 272,
        "num_val_samples": 68,
        "epochs_completed": 25,
        "train_time": 28.185492515563965,
        "final_train_metrics": {
          "mse": 404.10723876953125,
          "mae": 17.07448387145996,
          "rmse": 20.102418729335316,
          "score": 1417.667236328125,
          "loss": 0.08374299295246601
        },
        "final_val_metrics": {
          "mse": 426.6074523925781,
          "mae": 18.666885375976562,
          "rmse": 20.65447778067938,
          "score": 440.13922119140625,
          "loss": 0.08840570204398211
        },
        "rul_scale": 69.4662857055664,
        "status": "success"
      },
      "local_eval": {
        "mse": 381.92266845703125,
        "mae": 16.924909591674805,
        "rmse": 19.542841872589342,
        "score": 1846.657958984375,
        "loss": 0.07914569342837614
      },
      "global_eval": {
        "mse": 603.9912109375,
        "mae": 19.57752799987793,
        "rmse": 24.576232643297875,
        "score": 1940.584228515625,
        "loss": 0.12516487596126702
      }
    },
    {
      "client_id": 1,
      "num_samples": 255,
      "training": {
        "client_id": 1,
        "num_train_samples": 204,
        "num_val_samples": 51,
        "epochs_completed": 8,
        "train_time": 5.38664436340332,
        "final_train_metrics": {
          "mse": 412.6528015136719,
          "mae": 16.198993682861328,
          "rmse": 20.313857376521867,
          "score": 1062.0008544921875,
          "loss": 0.050997804229458175
        },
        "final_val_metrics": {
          "mse": 447.1893615722656,
          "mae": 17.828561782836914,
          "rmse": 21.146852285204663,
          "score": 278.3284606933594,
          "loss": 0.055266016692507504
        },
        "rul_scale": 89.95320892333984,
        "status": "success"
      },
      "local_eval": {
        "mse": 393.18157958984375,
        "mae": 16.173198699951172,
        "rmse": 19.828806812056133,
        "score": 1262.5970458984375,
        "loss": 0.04859145102547664
      },
      "global_eval": {
        "mse": 537.0975952148438,
        "mae": 19.62376594543457,
        "rmse": 23.175366129035453,
        "score": 2114.61865234375,
        "loss": 0.06637734480393238
      }
    },
    {
      "client_id": 2,
      "num_samples": 212,
      "training": {
        "client_id": 2,
        "num_train_samples": 170,
        "num_val_samples": 42,
        "epochs_completed": 11,
        "train_time": 2.5640366077423096,
        "final_train_metrics": {
          "mse": 895.6851806640625,
          "mae": 23.32721519470215,
          "rmse": 29.927999944267285,
          "score": 667.2243041992188,
          "loss": 0.14426063001155853
        },
        "final_val_metrics": {
          "mse": 474.260986328125,
          "mae": 18.40654945373535,
          "rmse": 21.777533981792452,
          "score": 978.278076171875,
          "loss": 0.07638529977377723
        },
        "rul_scale": 78.79592895507812,
        "status": "success"
      },
      "local_eval": {
        "mse": 475.43768310546875,
        "mae": 18.484800338745117,
        "rmse": 21.804533544780746,
        "score": 1233.5970458984375,
        "loss": 0.07657483346619696
      },
      "global_eval": {
        "mse": 609.0287475585938,
        "mae": 19.805938720703125,
        "rmse": 24.678507806563058,
        "score": 1945.7427978515625,
        "loss": 0.09809124221404393
      }
    },
    {
      "client_id": 3,
      "num_samples": 170,
      "training": {
        "client_id": 3,
        "num_train_samples": 136,
        "num_val_samples": 34,
        "epochs_completed": 11,
        "train_time": 4.795367002487183,
        "final_train_metrics": {
          "mse": 1033.3153076171875,
          "mae": 26.830913543701172,
          "rmse": 32.14522215846684,
          "score": 4571.75048828125,
          "loss": 0.10549955442547798
        },
        "final_val_metrics": {
          "mse": 751.4036254882812,
          "mae": 22.86406707763672,
          "rmse": 27.411742474499523,
          "score": 485.5697021484375,
          "loss": 0.07671690135098555
        },
        "rul_scale": 98.9671630859375,
        "status": "success"
      },
      "local_eval": {
        "mse": 842.8792114257812,
        "mae": 24.348909378051758,
        "rmse": 29.03238211765926,
        "score": 2593.4248046875,
        "loss": 0.0860563824281973
      },
      "global_eval": {
        "mse": 524.0821533203125,
        "mae": 19.057987213134766,
        "rmse": 22.89284065642166,
        "score": 1826.1014404296875,
        "loss": 0.05350780840485524
      }
    },
    {
      "client_id": 4,
      "num_samples": 127,
      "training": {
        "client_id": 4,
        "num_train_samples": 102,
        "num_val_samples": 25,
        "epochs_completed": 6,
        "train_time": 1.8709490299224854,
        "final_train_metrics": {
          "mse": 465.7093811035156,
          "mae": 18.205034255981445,
          "rmse": 21.580300764899352,
          "score": 828.0848388671875,
          "loss": 0.04682337741057078
        },
        "final_val_metrics": {
          "mse": 483.7541809082031,
          "mae": 18.934568405151367,
          "rmse": 21.994412492908356,
          "score": 139.75064086914062,
          "loss": 0.04863763973116875
        },
        "rul_scale": 99.73007202148438,
        "status": "success"
      },
      "local_eval": {
        "mse": 425.9563293457031,
        "mae": 17.523330688476562,
        "rmse": 20.638709488378947,
        "score": 852.3480224609375,
        "loss": 0.04282652680564115
      },
      "global_eval": {
        "mse": 961.0231323242188,
        "mae": 26.061466217041016,
        "rmse": 31.000373099758313,
        "score": 10059.48828125,
        "loss": 0.09662323842446009
      }
    }
  ],
  "local_metrics": {
    "mse": {
      "mean": 503.8754943847656,
      "std": 172.58578161757836,
      "min": 381.92266845703125,
      "max": 842.8792114257812
    },
    "mae": {
      "mean": 18.691029739379882,
      "std": 2.9283547313843297,
      "min": 16.173198699951172,
      "max": 24.348909378051758
    },
    "rmse": {
      "mean": 22.169454767092887,
      "std": 3.520052515884978,
      "min": 19.542841872589342,
      "max": 29.03238211765926
    },
    "score": {
      "mean": 1557.7249755859375,
      "std": 607.5973108205089,
      "min": 852.3480224609375,
      "max": 2593.4248046875
    },
    "loss": {
      "mean": 0.06663897743077764,
      "std": 0.017463795756705258,
      "min": 0.04282652680564115,
      "max": 0.0860563824281973
    }
  },
  "global_metrics": {
    "mse": {
      "mean": 647.0445678710937,
      "std": 160.67944813308344,
      "min": 524.0821533203125,
      "max": 961.0231323242188
    },
    "mae": {
      "mean": 20.825337219238282,
      "std": 2.6298497142791812,
      "min": 19.057987213134766,
      "max": 26.061466217041016
    },
    "rmse": {
      "mean": 25.264664067015275,
      "std": 2.9565719088094453,
      "min": 22.89284065642166,
      "max": 31.000373099758313
    },
    "score": {
      "mean": 3577.307080078125,
      "std": 3242.3977378987593,
      "min": 1826.1014404296875,
      "max": 10059.48828125
    },
    "loss": {
      "mean": 0.08795290196171172,
      "std": 0.025356107048212676,
      "min": 0.05350780840485524,
      "max": 0.12516487596126702
    }
  },
  "total_train_time": 42.80248951911926,
  "config": {
    "data_profile": "non_iid_mild",
    "data_dir": "data/raw",
    "data_files": [],
    "window_size": 50,
    "hop_size": 10,
    "normalize_windows": true,
    "global_test_split": 0.15,
    "num_clients": 5,
    "heterogeneity_mode": "uniform",
    "dirichlet_alpha": 0.5,
    "extreme_imbalance": [
      0.9,
      0.7,
      0.5,
      0.3,
      0.1
    ],