{
  "config": {
    "data_profile": "clean",
    "data_dir": "data/raw",
    "data_files": [],
    "window_size": 50,
    "hop_size": 10,
    "normalize_windows": true,
    "val_split": 0.2,
    "test_split": 0.1,
    "task": "rul",
    "num_classes": 2,
    "num_layers": 4,
    "hidden_dim": 64,
    "kernel_size": 3,
    "dropout": 0.2,
    "fc_hidden": 32,
    "epochs": 50,
    "batch_size": 32,
    "lr": 0.001,
    "weight_decay": 0.0001,
    "optimizer": "adam",
    "lr_scheduler": "none",
    "lr_step_size": 10,
    "lr_gamma": 0.5,
    "early_stopping_patience": 10,
    "early_stopping_min_delta": 0.0001,
    "seed": 42,
    "deterministic": true,
    "output_dir": "experiments/outputs/centralized",
    "checkpoint_every": 5,
    "log_every": 1,
    "save_best": true,
    "device": "auto"
  },
  "training_history": {
    "epoch": [
      1,
      2,
      3,
      4,
      5,
      6,
      7,
      8,
      9,
      10,
      11,
      12,
      13,
      14,
      15,
      16,
      17,
      18,
      19,
      20,
      21,
      22,
      23,
      24,
      25,
      26,
      27,
      28,
      29,
      30,
      31,
      32,
      33,
      34,
      35,
      36,
      37,
      38,
      39,
      40,
      41,
      42,
      43,
      44,
      45,
      46,
      47,
      48,
      49,
      50
    ],
    "train_loss": [
      5486.771771763393,
      3881.072841796875,
      2240.823062918527,
      915.8624187360491,
      361.518487374442,
      284.6820315987723,
      252.6594144112723,
      232.8840385219029,
      162.856455078125,
      140.86312534877231,
      140.31713893345423,
      118.174462890625,
      116.03121329171317,
      120.23327287946428,
      117.45117418561662,
      107.93006670270647,
      123.68810346330915,
      109.45568302699498,
      113.02327976771764,
      110.84423283168248,
      108.47567195347378,
      117.2092036655971,
      119.08553885323661,
      119.56502816336496,
      101.23344669886998,
      122.0920276750837,
      122.70616333007813,
      116.20546029227121,
      102.07574680873326,
      114.41783033098493,
      93.12368761335101,
      107.88043535505022,
      104.62967912946428,
      108.36868015834263,
      108.96816292898995,
      108.98322213309152,
      106.9211443219866,
      113.29518894740514,
      105.750328238351,
      103.2393274797712,
      100.17926160539899,
      100.83179029192243,
      105.71784811837333,
      100.7729023524693,
      103.72307968139648,
      99.54171735491072,
      105.3133009992327,
      97.44513462611607,
      112.07534502301897,
      97.07259031023298
    ],
    "val_loss": [
      4532.22947265625,
      2931.891298828125,
      1325.10724609375,
      384.24827270507814,
      213.34878845214843,
      170.33747161865233,
      129.81468872070312,
      82.9264419555664,
      50.248620681762695,
      32.11566904067993,
      25.56723642349243,
      21.903680896759035,
      22.069056758880617,
      18.88750301361084,
      16.32510705947876,
      22.42369930267334,
      16.402596912384034,
      19.715517807006837,
      17.238154411315918,
      19.163136138916016,
      16.160342178344727,
      16.04694149017334,
      16.35414970397949,
      16.227707023620606,
      17.109922027587892,
      18.011572608947755,
      15.770981426239013,
      18.50140693664551,
      16.09294485092163,
      17.17149658203125,
      16.3179260635376,
      16.12486391067505,
      15.473275146484376,
      15.623489246368408,
      26.17396827697754,
      16.716766815185547,
      15.688632469177247,
      22.61137191772461,
      17.983787689208985,
      15.911116485595704,
      17.318660316467284,
      15.292228488922119,
      17.78372417449951,
      16.318477783203125,
      15.31401252746582,
      17.02925395965576,
      17.156210708618165,
      15.953334560394287,
      15.291448097229004,
      17.964589195251463
    ],
    "train_metrics": [
      {
        "mae": 73.54816436767578,
        "rmse": 74.07274784059418,
        "score": 247671.734375
      },
      {
        "mae": 61.579341888427734,
        "rmse": 62.29826034639731,
        "score": 101337.53125
      },
      {
        "mae": 45.78635025024414,
        "rmse": 47.33733197009391,
        "score": 34124.2734375
      },
      {
        "mae": 26.750215530395508,
        "rmse": 30.263220049971032,
        "score": 8660.51171875
      },
      {
        "mae": 16.231889724731445,
        "rmse": 19.01363967399045,
        "score": 2949.6357421875
      },
      {
        "mae": 14.33806037902832,
        "rmse": 16.872523147221212,
        "score": 2775.04736328125
      },
      {
        "mae": 13.111043930053711,
        "rmse": 15.895264194977226,
        "score": 2309.446044921875
      },
      {
        "mae": 12.444973945617676,
        "rmse": 15.260538430970415,
        "score": 2066.658935546875
      },
      {
        "mae": 10.103559494018555,
        "rmse": 12.761522658808747,
        "score": 1446.8978271484375
      },
      {
        "mae": 9.416138648986816,
        "rmse": 11.868577364710118,
        "score": 1251.041015625
      },
      {
        "mae": 9.315051078796387,
        "rmse": 11.845553540121077,
        "score": 1282.2606201171875
      },
      {
        "mae": 8.684216499328613,
        "rmse": 10.870807760453962,
        "score": 1070.9913330078125
      },
      {
        "mae": 8.670162200927734,
        "rmse": 10.771779198991057,
        "score": 1065.229736328125
      },
      {
        "mae": 8.598283767700195,
        "rmse": 10.965093889091056,
        "score": 1108.947265625
      },
      {
        "mae": 8.655814170837402,
        "rmse": 10.837489538836683,
        "score": 1073.8421630859375
      },
      {
        "mae": 8.221019744873047,
        "rmse": 10.388939742328212,
        "score": 996.2574462890625
      },
      {
        "mae": 8.9467191696167,
        "rmse": 11.121515649926609,
        "score": 1152.506103515625
      },
      {
        "mae": 8.253055572509766,
        "rmse": 10.462106902874199,
        "score": 1001.9715576171875
      },
      {
        "mae": 8.591642379760742,
        "rmse": 10.63124098645635,
        "score": 1031.5443115234375
      },
      {
        "mae": 8.3189115524292,
        "rmse": 10.528258671397444,
        "score": 1024.138427734375
      },
      {
        "mae": 8.293087005615234,
        "rmse": 10.415165378468066,
        "score": 980.956298828125
      },
      {
        "mae": 8.358806610107422,
        "rmse": 10.826320040874526,
        "score": 1094.9700927734375
      },
      {
        "mae": 8.678417205810547,
        "rmse": 10.912632514699599,
        "score": 1109.006103515625
      },
      {
        "mae": 8.705843925476074,
        "rmse": 10.934579339398011,
        "score": 1079.136474609375
      },
      {
        "mae": 8.090798377990723,
        "rmse": 10.061483580628739,
        "score": 946.9069213867188
      },
      {
        "mae": 8.737648963928223,
        "rmse": 11.049526387417266,
        "score": 1116.0843505859375
      },
      {
        "mae": 8.934091567993164,
        "rmse": 11.07728166692614,
        "score": 1113.0048828125
      },
      {
        "mae": 8.687237739562988,
        "rmse": 10.779863970575931,
        "score": 1083.8441162109375
      },
      {
        "mae": 8.095417022705078,
        "rmse": 10.103253782792537,
        "score": 938.5328369140625
      },
      {
        "mae": 8.719974517822266,
        "rmse": 10.6966271048821,
        "score": 1060.408935546875
      },
      {
        "mae": 7.776344299316406,
        "rmse": 9.650061145648047,
        "score": 888.66455078125
      },
      {
        "mae": 8.226828575134277,
        "rmse": 10.386550540429978,
        "score": 1012.8726196289062
      },
      {
        "mae": 8.156591415405273,
        "rmse": 10.228864884181805,